{"grnId":66780,"state":9,"title":"Korean Hymns","copyright_key":0,"recyear":"2020","primaryLanguage":103,"languages":[{"id":103,"value":"Korean"}],"setPath":"66/66780/","setFileBase":"한국어 한국어 찬송 ","setFileSuffix":"66780","setFormats":[{"format":"mp4","size":48719540,"duration":"2206.900000"},{"format":"avi","size":9953406,"duration":"2001.000000"},{"format":"3gp","size":3796245,"duration":"2206.000000"}],"tracks":[{"id":1,"title":"주 하나님 지으신 모든 세계 (How Great Thou Art)","langId":103,"picture":"A66780.jpg","trackFileSuffix":"001 주 하나님 지으신 모든 세계 66780","trackFormats":[{"format":"mp3-low","size":1099479,"duration":"292.600000"},{"format":"mp3","size":6598543,"duration":"292.570000"}]},{"id":2,"title":"구주를 생각만 해도 (Jesus, the Very Thought of Thee)","langId":103,"picture":"A66780.jpg","trackFileSuffix":"002 구주를 생각만 해도 66780","trackFormats":[{"format":"mp3-low","size":820030,"duration":"212.190000"},{"format":"mp3","size":4806621,"duration":"212.170000"}]},{"id":3,"title":"주 예수보다 더 귀한 것은 없네 (I'd Rather Have Jesus)","langId":103,"picture":"A66780.jpg","trackFileSuffix":"003 주 예수보다 더 귀한 것은 없네 66780","trackFormats":[{"format":"mp3-low","size":1044936,"duration":"267.730000"},{"format":"mp3","size":6192149,"duration":"267.700000"}]},{"id":4,"title":"이 세상 험하고 (Jesus Paid It All)","langId":103,"picture":"A66780.jpg","trackFileSuffix":"004 이 세상 험하고 66780","trackFormats":[{"format":"mp3-low","size":751441,"duration":"192.520000"},{"format":"mp3","size":4324613,"duration":"192.500000"}]},{"id":5,"title":"고통의 멍에 벗으려고 (Out of My Bondage, Sorrow and Night)","langId":103,"picture":"A66780.jpg","trackFileSuffix":"005 고통의 멍에 벗으려고 66780","trackFormats":[{"format":"mp3-low","size":1198728,"duration":"315.190000"},{"format":"mp3","size":6999472,"duration":"315.170000"}]},{"id":6,"title":"나 같은 죄인 살리신 (Amazing Grace)","langId":103,"picture":"A66780.jpg","trackFileSuffix":"006 나 같은 죄인 살리신 66780","trackFormats":[{"format":"mp3-low","size":785285,"duration":"207.390000"},{"format":"mp3","size":4590622,"duration":"207.360000"}]},{"id":7,"title":"내 맘에 한 노래 있어 (There Comes to My Heart)","langId":103,"picture":"A66780.jpg","trackFileSuffix":"007 내 맘에 한 노래 있어 66780","trackFormats":[{"format":"mp3-low","size":1193140,"duration":"317.520000"},{"format":"mp3","size":7089458,"duration":"317.490000"}]},{"id":8,"title":"죄짐 맡은 우리 구주 (What a Friend We Have in Jesus)","langId":103,"picture":"A66780.jpg","trackFileSuffix":"008 죄짐 맡은 우리 구주 66780","trackFormats":[{"format":"mp3-low","size":742392,"duration":"195.870000"},{"format":"mp3","size":4408783,"duration":"195.840000"}]}],"version":7,"fetchTime":"20210521161617+0000"}