{"grnId":66779,"state":9,"title":"Korean Christmas Carols","copyright_key":0,"recyear":"2020","primaryLanguage":103,"languages":[{"id":103,"value":"Korean"}],"setPath":"66/66779/","setFileBase":"한국어 한국어 성탄찬송 ","setFileSuffix":"66779","setFormats":[{"format":"mp4","size":26802151,"duration":"885.900000"},{"format":"avi","size":3261038,"duration":"651.000000"},{"format":"3gp","size":1288348,"duration":"885.000000"}],"tracks":[{"id":1,"title":"고요한 밤 거룩한 밤 (Silent Night)","langId":103,"picture":"A66779.jpg","trackFileSuffix":"001 고요한 밤 거룩한 밤 66779","trackFormats":[{"format":"mp3-low","size":715360,"duration":"169.400000"},{"format":"mp3","size":4078580,"duration":"169.380000"}]},{"id":2,"title":"오 베들레헴 작은 골 (O Little Town of Bethlehem)","langId":103,"picture":"A66779.jpg","trackFileSuffix":"002 오 베들레헴 작은 골 66779","trackFormats":[{"format":"mp3-low","size":923284,"duration":"235.990000"},{"format":"mp3","size":5335258,"duration":"235.960000"}]},{"id":3,"title":"참 반가운 신도여 (O Come, All Ye Faithful)","langId":103,"picture":"A66779.jpg","trackFileSuffix":"003 참 반가운 신도여 66779","trackFormats":[{"format":"mp3-low","size":979023,"duration":"244.740000"},{"format":"mp3","size":5554060,"duration":"244.720000"}]}],"version":7,"fetchTime":"20210521161420+0000"}